{
  "Update Booking" : {
    "transaction" : "Update Booking",
    "sampleCount" : 5000,
    "errorCount" : 2699,
    "errorPct" : 53.98,
    "meanResTime" : 17567.06719999996,
    "medianResTime" : 18632.0,
    "minResTime" : 0.0,
    "maxResTime" : 206905.0,
    "pct1ResTime" : 28974.500000000004,
    "pct2ResTime" : 30776.75,
    "pct3ResTime" : 41234.71999999991,
    "throughput" : 18.939824389948257,
    "receivedKBytesPerSec" : 10.979797214851473,
    "sentKBytesPerSec" : 8.48584774890717
  },
  "Delete Booking" : {
    "transaction" : "Delete Booking",
    "sampleCount" : 5000,
    "errorCount" : 4203,
    "errorPct" : 84.06,
    "meanResTime" : 7746.584000000018,
    "medianResTime" : 5554.0,
    "minResTime" : 0.0,
    "maxResTime" : 54975.0,
    "pct1ResTime" : 20382.80000000001,
    "pct2ResTime" : 26364.6,
    "pct3ResTime" : 29869.97,
    "throughput" : 18.67936863734006,
    "receivedKBytesPerSec" : 8.538696938918465,
    "sentKBytesPerSec" : 7.889639955169515
  },
  "Total" : {
    "transaction" : "Total",
    "sampleCount" : 30000,
    "errorCount" : 10615,
    "errorPct" : 35.383335,
    "meanResTime" : 10171.555133333319,
    "medianResTime" : 9872.0,
    "minResTime" : 0.0,
    "maxResTime" : 206905.0,
    "pct1ResTime" : 25554.9,
    "pct2ResTime" : 28457.0,
    "pct3ResTime" : 36915.61000000006,
    "throughput" : 108.68974512254769,
    "receivedKBytesPerSec" : 57.179000122275966,
    "sentKBytesPerSec" : 33.42194448784487
  },
  "Create Booking" : {
    "transaction" : "Create Booking",
    "sampleCount" : 5000,
    "errorCount" : 13,
    "errorPct" : 0.26,
    "meanResTime" : 6528.550399999983,
    "medianResTime" : 6050.5,
    "minResTime" : 915.0,
    "maxResTime" : 77014.0,
    "pct1ResTime" : 13006.0,
    "pct2ResTime" : 15786.0,
    "pct3ResTime" : 24026.0,
    "throughput" : 29.517158324133817,
    "receivedKBytesPerSec" : 12.778652351705796,
    "sentKBytesPerSec" : 12.36607511821622
  },
  "Token" : {
    "transaction" : "Token",
    "sampleCount" : 5000,
    "errorCount" : 14,
    "errorPct" : 0.28,
    "meanResTime" : 14041.122599999944,
    "medianResTime" : 13133.5,
    "minResTime" : 2231.0,
    "maxResTime" : 167466.0,
    "pct1ResTime" : 22134.900000000005,
    "pct2ResTime" : 26728.35,
    "pct3ResTime" : 42203.53999999995,
    "throughput" : 29.15213918397332,
    "receivedKBytesPerSec" : 7.925259563359258,
    "sentKBytesPerSec" : 7.267628298564548
  },
  "Get Booking" : {
    "transaction" : "Get Booking",
    "sampleCount" : 10000,
    "errorCount" : 3686,
    "errorPct" : 36.86,
    "meanResTime" : 7573.00330000001,
    "medianResTime" : 6575.5,
    "minResTime" : 0.0,
    "maxResTime" : 73374.0,
    "pct1ResTime" : 15704.0,
    "pct2ResTime" : 15831.949999999999,
    "pct3ResTime" : 24268.729999999996,
    "throughput" : 36.86309782728901,
    "receivedKBytesPerSec" : 26.077538588751594,
    "sentKBytesPerSec" : 5.646170217888556
  }
}