{
  "Update Booking" : {
    "transaction" : "Update Booking",
    "sampleCount" : 4690,
    "errorCount" : 0,
    "errorPct" : 0.0,
    "meanResTime" : 19325.548187633216,
    "medianResTime" : 24389.0,
    "minResTime" : 506.0,
    "maxResTime" : 36477.0,
    "pct1ResTime" : 27146.0,
    "pct2ResTime" : 27384.0,
    "pct3ResTime" : 27475.27,
    "throughput" : 55.92987895772465,
    "receivedKBytesPerSec" : 22.83075137141494,
    "sentKBytesPerSec" : 25.593600467324546
  },
  "Delete Booking" : {
    "transaction" : "Delete Booking",
    "sampleCount" : 4690,
    "errorCount" : 0,
    "errorPct" : 0.0,
    "meanResTime" : 15707.644776119407,
    "medianResTime" : 15508.5,
    "minResTime" : 316.0,
    "maxResTime" : 32841.0,
    "pct1ResTime" : 24279.600000000002,
    "pct2ResTime" : 26339.69999999999,
    "pct3ResTime" : 27254.09,
    "throughput" : 56.21209578828775,
    "receivedKBytesPerSec" : 13.61386694872594,
    "sentKBytesPerSec" : 25.887427206684325
  },
  "Total" : {
    "transaction" : "Total",
    "sampleCount" : 28140,
    "errorCount" : 0,
    "errorPct" : 0.0,
    "meanResTime" : 10829.497832267198,
    "medianResTime" : 12251.5,
    "minResTime" : 316.0,
    "maxResTime" : 52643.0,
    "pct1ResTime" : 25758.800000000003,
    "pct2ResTime" : 26772.95,
    "pct3ResTime" : 27417.0,
    "throughput" : 318.58527307309123,
    "receivedKBytesPerSec" : 114.62557129038923,
    "sentKBytesPerSec" : 103.8272741231546
  },
  "Create Booking" : {
    "transaction" : "Create Booking",
    "sampleCount" : 4690,
    "errorCount" : 0,
    "errorPct" : 0.0,
    "meanResTime" : 4803.351385927504,
    "medianResTime" : 4924.5,
    "minResTime" : 377.0,
    "maxResTime" : 24975.0,
    "pct1ResTime" : 8906.900000000001,
    "pct2ResTime" : 10839.549999999996,
    "pct3ResTime" : 13698.350000000002,
    "throughput" : 68.3265103946621,
    "receivedKBytesPerSec" : 29.531465682864468,
    "sentKBytesPerSec" : 28.6250712493262
  },
  "Token" : {
    "transaction" : "Token",
    "sampleCount" : 4690,
    "errorCount" : 0,
    "errorPct" : 0.0,
    "meanResTime" : 7751.141791044784,
    "medianResTime" : 6781.5,
    "minResTime" : 1688.0,
    "maxResTime" : 52643.0,
    "pct1ResTime" : 14179.900000000005,
    "pct2ResTime" : 16156.149999999994,
    "pct3ResTime" : 20497.530000000002,
    "throughput" : 76.26264268756708,
    "receivedKBytesPerSec" : 20.18278922688543,
    "sentKBytesPerSec" : 19.06566067189177
  },
  "Get Booking" : {
    "transaction" : "Get Booking",
    "sampleCount" : 9380,
    "errorCount" : 0,
    "errorPct" : 0.0,
    "meanResTime" : 8694.650426439235,
    "medianResTime" : 9947.0,
    "minResTime" : 352.0,
    "maxResTime" : 24863.0,
    "pct1ResTime" : 13705.0,
    "pct2ResTime" : 13902.0,
    "pct3ResTime" : 14142.19,
    "throughput" : 110.88387928079156,
    "receivedKBytesPerSec" : 44.99243343864149,
    "sentKBytesPerSec" : 20.420826597649924
  }
}