{
  "Update Booking" : {
    "transaction" : "Update Booking",
    "sampleCount" : 4700,
    "errorCount" : 207,
    "errorPct" : 4.4042554,
    "meanResTime" : 12053.640638297858,
    "medianResTime" : 13746.0,
    "minResTime" : 0.0,
    "maxResTime" : 59999.0,
    "pct1ResTime" : 18520.600000000002,
    "pct2ResTime" : 18724.95,
    "pct3ResTime" : 23265.069999999978,
    "throughput" : 26.38107747055984,
    "receivedKBytesPerSec" : 11.161967186430024,
    "sentKBytesPerSec" : 12.052997286818442
  },
  "Delete Booking" : {
    "transaction" : "Delete Booking",
    "sampleCount" : 4700,
    "errorCount" : 1873,
    "errorPct" : 39.851063,
    "meanResTime" : 10108.44680851061,
    "medianResTime" : 10175.5,
    "minResTime" : 0.0,
    "maxResTime" : 45203.0,
    "pct1ResTime" : 17843.9,
    "pct2ResTime" : 18336.0,
    "pct3ResTime" : 18799.949999999997,
    "throughput" : 27.078880201881695,
    "receivedKBytesPerSec" : 12.383889623675582,
    "sentKBytesPerSec" : 11.951689810347013
  },
  "Total" : {
    "transaction" : "Total",
    "sampleCount" : 28200,
    "errorCount" : 2506,
    "errorPct" : 8.886525,
    "meanResTime" : 11163.598971631276,
    "medianResTime" : 9064.0,
    "minResTime" : 0.0,
    "maxResTime" : 178696.0,
    "pct1ResTime" : 27160.70000000002,
    "pct2ResTime" : 34359.50000000001,
    "pct3ResTime" : 54863.400000000096,
    "throughput" : 150.63700221682114,
    "receivedKBytesPerSec" : 62.64651697837931,
    "sentKBytesPerSec" : 48.41888216627493
  },
  "Create Booking" : {
    "transaction" : "Create Booking",
    "sampleCount" : 4700,
    "errorCount" : 5,
    "errorPct" : 0.10638298,
    "meanResTime" : 6377.314680851075,
    "medianResTime" : 6126.0,
    "minResTime" : 1206.0,
    "maxResTime" : 60008.0,
    "pct1ResTime" : 9789.600000000002,
    "pct2ResTime" : 14897.849999999984,
    "pct3ResTime" : 34300.989999999954,
    "throughput" : 25.92202434464159,
    "receivedKBytesPerSec" : 11.242940169416975,
    "sentKBytesPerSec" : 10.852978731875266
  },
  "Token" : {
    "transaction" : "Token",
    "sampleCount" : 4700,
    "errorCount" : 1,
    "errorPct" : 0.021276595,
    "meanResTime" : 25117.665531914907,
    "medianResTime" : 18206.5,
    "minResTime" : 4030.0,
    "maxResTime" : 178696.0,
    "pct1ResTime" : 40858.5,
    "pct2ResTime" : 53772.99999999999,
    "pct3ResTime" : 160242.95,
    "throughput" : 25.46279993282155,
    "receivedKBytesPerSec" : 6.748414415872534,
    "sentKBytesPerSec" : 6.364345578953642
  },
  "Get Booking" : {
    "transaction" : "Get Booking",
    "sampleCount" : 9400,
    "errorCount" : 420,
    "errorPct" : 4.4680853,
    "meanResTime" : 6662.2630851063695,
    "medianResTime" : 7101.5,
    "minResTime" : 0.0,
    "maxResTime" : 46630.0,
    "pct1ResTime" : 9574.0,
    "pct2ResTime" : 9963.0,
    "pct3ResTime" : 23816.279999999897,
    "throughput" : 52.11480781278587,
    "receivedKBytesPerSec" : 23.87068376602946,
    "sentKBytesPerSec" : 9.424818109272
  }
}