{
  "Update Booking" : {
    "transaction" : "Update Booking",
    "sampleCount" : 6000,
    "errorCount" : 3837,
    "errorPct" : 63.95,
    "meanResTime" : 23511.65516666669,
    "medianResTime" : 30293.0,
    "minResTime" : 372.0,
    "maxResTime" : 39532.0,
    "pct1ResTime" : 30332.0,
    "pct2ResTime" : 30361.0,
    "pct3ResTime" : 31224.989999999998,
    "throughput" : 56.198718669214344,
    "receivedKBytesPerSec" : 33.36422982290379,
    "sentKBytesPerSec" : 25.71456341498539
  },
  "Delete Booking" : {
    "transaction" : "Delete Booking",
    "sampleCount" : 6000,
    "errorCount" : 3188,
    "errorPct" : 53.133335,
    "meanResTime" : 22493.17550000009,
    "medianResTime" : 30290.0,
    "minResTime" : 295.0,
    "maxResTime" : 33173.0,
    "pct1ResTime" : 31271.9,
    "pct2ResTime" : 31321.95,
    "pct3ResTime" : 31522.879999999997,
    "throughput" : 56.31370487864397,
    "receivedKBytesPerSec" : 27.284246651680963,
    "sentKBytesPerSec" : 25.93215863042723
  },
  "Total" : {
    "transaction" : "Total",
    "sampleCount" : 36000,
    "errorCount" : 8950,
    "errorPct" : 24.86111,
    "meanResTime" : 13286.964499999978,
    "medianResTime" : 20446.5,
    "minResTime" : 0.0,
    "maxResTime" : 49951.0,
    "pct1ResTime" : 31176.0,
    "pct2ResTime" : 31243.0,
    "pct3ResTime" : 31374.0,
    "throughput" : 323.57805421730063,
    "receivedKBytesPerSec" : 168.0636097013869,
    "sentKBytesPerSec" : 102.2578891110367
  },
  "Create Booking" : {
    "transaction" : "Create Booking",
    "sampleCount" : 6000,
    "errorCount" : 0,
    "errorPct" : 0.0,
    "meanResTime" : 5430.945000000009,
    "medianResTime" : 5843.5,
    "minResTime" : 368.0,
    "maxResTime" : 21639.0,
    "pct1ResTime" : 8580.900000000001,
    "pct2ResTime" : 9935.0,
    "pct3ResTime" : 16456.779999999995,
    "throughput" : 79.99893334755537,
    "receivedKBytesPerSec" : 34.573484332708894,
    "sentKBytesPerSec" : 33.515178130958255
  },
  "Token" : {
    "transaction" : "Token",
    "sampleCount" : 6000,
    "errorCount" : 0,
    "errorPct" : 0.0,
    "meanResTime" : 7375.177499999996,
    "medianResTime" : 6318.5,
    "minResTime" : 1666.0,
    "maxResTime" : 49951.0,
    "pct1ResTime" : 13827.800000000001,
    "pct2ResTime" : 15900.999999999996,
    "pct3ResTime" : 23171.259999999984,
    "throughput" : 105.75482506389353,
    "receivedKBytesPerSec" : 27.987849211245262,
    "sentKBytesPerSec" : 26.438706265973384
  },
  "Get Booking" : {
    "transaction" : "Get Booking",
    "sampleCount" : 12000,
    "errorCount" : 1925,
    "errorPct" : 16.041666,
    "meanResTime" : 10455.416916666649,
    "medianResTime" : 9547.0,
    "minResTime" : 0.0,
    "maxResTime" : 41441.0,
    "pct1ResTime" : 21618.9,
    "pct2ResTime" : 22142.0,
    "pct3ResTime" : 22505.989999999998,
    "throughput" : 111.09876680368848,
    "receivedKBytesPerSec" : 74.5104475515452,
    "sentKBytesPerSec" : 17.1719291751148
  }
}