{
  "Update Booking" : {
    "transaction" : "Update Booking",
    "sampleCount" : 4695,
    "errorCount" : 0,
    "errorPct" : 0.0,
    "meanResTime" : 12588.473056443016,
    "medianResTime" : 16506.0,
    "minResTime" : 555.0,
    "maxResTime" : 19139.0,
    "pct1ResTime" : 17189.0,
    "pct2ResTime" : 17216.0,
    "pct3ResTime" : 17271.04,
    "throughput" : 82.19681717116896,
    "receivedKBytesPerSec" : 33.55299763432483,
    "sentKBytesPerSec" : 37.566514097760816
  },
  "Delete Booking" : {
    "transaction" : "Delete Booking",
    "sampleCount" : 4695,
    "errorCount" : 0,
    "errorPct" : 0.0,
    "meanResTime" : 10128.01277955271,
    "medianResTime" : 10312.0,
    "minResTime" : 314.0,
    "maxResTime" : 18300.0,
    "pct1ResTime" : 15802.0,
    "pct2ResTime" : 16867.0,
    "pct3ResTime" : 17202.0,
    "throughput" : 81.55289213131839,
    "receivedKBytesPerSec" : 19.751091063053675,
    "sentKBytesPerSec" : 37.51114472055758
  },
  "Total" : {
    "transaction" : "Total",
    "sampleCount" : 28170,
    "errorCount" : 0,
    "errorPct" : 0.0,
    "meanResTime" : 7472.303230386889,
    "medianResTime" : 7980.5,
    "minResTime" : 314.0,
    "maxResTime" : 43524.0,
    "pct1ResTime" : 16907.0,
    "pct2ResTime" : 17150.0,
    "pct3ResTime" : 17238.0,
    "throughput" : 447.8252575352919,
    "receivedKBytesPerSec" : 161.08297837776612,
    "sentKBytesPerSec" : 145.77645102060282
  },
  "Create Booking" : {
    "transaction" : "Create Booking",
    "sampleCount" : 4695,
    "errorCount" : 0,
    "errorPct" : 0.0,
    "meanResTime" : 3131.5654952076598,
    "medianResTime" : 3510.0,
    "minResTime" : 523.0,
    "maxResTime" : 11736.0,
    "pct1ResTime" : 4901.600000000005,
    "pct2ResTime" : 6202.999999999995,
    "pct3ResTime" : 8232.2,
    "throughput" : 97.18685959138048,
    "receivedKBytesPerSec" : 41.94979681581072,
    "sentKBytesPerSec" : 40.715979262404524
  },
  "Token" : {
    "transaction" : "Token",
    "sampleCount" : 4695,
    "errorCount" : 0,
    "errorPct" : 0.0,
    "meanResTime" : 7608.251118210859,
    "medianResTime" : 6945.0,
    "minResTime" : 2056.0,
    "maxResTime" : 43524.0,
    "pct1ResTime" : 12187.400000000001,
    "pct2ResTime" : 15011.399999999998,
    "pct3ResTime" : 16912.879999999997,
    "throughput" : 106.54714626120504,
    "receivedKBytesPerSec" : 28.19753577811188,
    "sentKBytesPerSec" : 26.63678656530126
  },
  "Get Booking" : {
    "transaction" : "Get Booking",
    "sampleCount" : 9390,
    "errorCount" : 0,
    "errorPct" : 0.0,
    "meanResTime" : 5688.758466453667,
    "medianResTime" : 6686.0,
    "minResTime" : 525.0,
    "maxResTime" : 11358.0,
    "pct1ResTime" : 8490.0,
    "pct2ResTime" : 8960.449999999999,
    "pct3ResTime" : 9063.09,
    "throughput" : 159.18491896656948,
    "receivedKBytesPerSec" : 64.5911463189547,
    "sentKBytesPerSec" : 29.225356216518612
  }
}