{
  "Update Booking" : {
    "transaction" : "Update Booking",
    "sampleCount" : 4695,
    "errorCount" : 8,
    "errorPct" : 0.17039403,
    "meanResTime" : 324.67199148029755,
    "medianResTime" : 311.0,
    "minResTime" : 268.0,
    "maxResTime" : 3314.0,
    "pct1ResTime" : 348.0,
    "pct2ResTime" : 382.0,
    "pct3ResTime" : 790.2399999999998,
    "throughput" : 7.81812005435217,
    "receivedKBytesPerSec" : 3.189221479889364,
    "sentKBytesPerSec" : 3.572253552290651
  },
  "Delete Booking" : {
    "transaction" : "Delete Booking",
    "sampleCount" : 4695,
    "errorCount" : 17,
    "errorPct" : 0.36208734,
    "meanResTime" : 326.45921192758345,
    "medianResTime" : 311.0,
    "minResTime" : 270.0,
    "maxResTime" : 7300.0,
    "pct1ResTime" : 347.0,
    "pct2ResTime" : 379.0,
    "pct3ResTime" : 741.1199999999999,
    "throughput" : 7.818276282397138,
    "receivedKBytesPerSec" : 1.8935993691258852,
    "sentKBytesPerSec" : 3.5952300422678167
  },
  "Total" : {
    "transaction" : "Total",
    "sampleCount" : 28170,
    "errorCount" : 38,
    "errorPct" : 0.13489528,
    "meanResTime" : 489.1671636492707,
    "medianResTime" : 313.0,
    "minResTime" : 263.0,
    "maxResTime" : 7300.0,
    "pct1ResTime" : 1230.0,
    "pct2ResTime" : 1289.0,
    "pct3ResTime" : 1839.950000000008,
    "throughput" : 46.67647585151015,
    "receivedKBytesPerSec" : 16.7864135178272,
    "sentKBytesPerSec" : 15.190330367173365
  },
  "Create Booking" : {
    "transaction" : "Create Booking",
    "sampleCount" : 4695,
    "errorCount" : 0,
    "errorPct" : 0.0,
    "meanResTime" : 322.5889243876468,
    "medianResTime" : 308.0,
    "minResTime" : 265.0,
    "maxResTime" : 3322.0,
    "pct1ResTime" : 344.0,
    "pct2ResTime" : 373.0,
    "pct3ResTime" : 798.04,
    "throughput" : 7.818992407500237,
    "receivedKBytesPerSec" : 3.3741474389052746,
    "sentKBytesPerSec" : 3.275730217595314
  },
  "Token" : {
    "transaction" : "Token",
    "sampleCount" : 4695,
    "errorCount" : 1,
    "errorPct" : 0.021299254,
    "meanResTime" : 1314.7243876464283,
    "medianResTime" : 1250.0,
    "minResTime" : 1092.0,
    "maxResTime" : 5936.0,
    "pct1ResTime" : 1412.4000000000005,
    "pct2ResTime" : 1823.0,
    "pct3ResTime" : 2764.12,
    "throughput" : 7.799301302209221,
    "receivedKBytesPerSec" : 2.0670546149396074,
    "sentKBytesPerSec" : 1.9494100272934016
  },
  "Get Booking" : {
    "transaction" : "Get Booking",
    "sampleCount" : 9390,
    "errorCount" : 12,
    "errorPct" : 0.12779553,
    "meanResTime" : 323.2792332268365,
    "medianResTime" : 307.0,
    "minResTime" : 263.0,
    "maxResTime" : 6311.0,
    "pct1ResTime" : 344.0,
    "pct2ResTime" : 376.0,
    "pct3ResTime" : 807.0900000000001,
    "throughput" : 15.621308862722135,
    "receivedKBytesPerSec" : 6.335284766562081,
    "sentKBytesPerSec" : 2.8662818196828495
  }
}