{
  "Update Booking" : {
    "transaction" : "Update Booking",
    "sampleCount" : 4680,
    "errorCount" : 20,
    "errorPct" : 0.42735043,
    "meanResTime" : 14268.342948717978,
    "medianResTime" : 17881.5,
    "minResTime" : 287.0,
    "maxResTime" : 46135.0,
    "pct1ResTime" : 19693.0,
    "pct2ResTime" : 19742.0,
    "pct3ResTime" : 20673.069999999978,
    "throughput" : 29.44155411143754,
    "receivedKBytesPerSec" : 11.997738017350386,
    "sentKBytesPerSec" : 13.453867231487365
  },
  "Delete Booking" : {
    "transaction" : "Delete Booking",
    "sampleCount" : 4680,
    "errorCount" : 20,
    "errorPct" : 0.42735043,
    "meanResTime" : 11654.458333333327,
    "medianResTime" : 11670.5,
    "minResTime" : 288.0,
    "maxResTime" : 31034.0,
    "pct1ResTime" : 19195.9,
    "pct2ResTime" : 19580.95,
    "pct3ResTime" : 19782.0,
    "throughput" : 29.922125749651546,
    "receivedKBytesPerSec" : 7.247264331291638,
    "sentKBytesPerSec" : 13.761135881935475
  },
  "Total" : {
    "transaction" : "Total",
    "sampleCount" : 28080,
    "errorCount" : 60,
    "errorPct" : 0.21367522,
    "meanResTime" : 9786.841452991417,
    "medianResTime" : 9866.0,
    "minResTime" : 287.0,
    "maxResTime" : 159460.0,
    "pct1ResTime" : 19588.0,
    "pct2ResTime" : 19763.0,
    "pct3ResTime" : 30353.99,
    "throughput" : 168.12156482379567,
    "receivedKBytesPerSec" : 60.77780453323515,
    "sentKBytesPerSec" : 54.69362756103987
  },
  "Create Booking" : {
    "transaction" : "Create Booking",
    "sampleCount" : 4680,
    "errorCount" : 0,
    "errorPct" : 0.0,
    "meanResTime" : 5374.177564102564,
    "medianResTime" : 4584.5,
    "minResTime" : 1141.0,
    "maxResTime" : 37531.0,
    "pct1ResTime" : 9556.800000000001,
    "pct2ResTime" : 13158.999999999967,
    "pct3ResTime" : 29961.219999999863,
    "throughput" : 28.898700175985674,
    "receivedKBytesPerSec" : 12.473853005650067,
    "sentKBytesPerSec" : 12.106974976072124
  },
  "Token" : {
    "transaction" : "Token",
    "sampleCount" : 4680,
    "errorCount" : 20,
    "errorPct" : 0.42735043,
    "meanResTime" : 13279.651282051263,
    "medianResTime" : 11712.0,
    "minResTime" : 2085.0,
    "maxResTime" : 159460.0,
    "pct1ResTime" : 21493.600000000002,
    "pct2ResTime" : 26363.449999999993,
    "pct3ResTime" : 33367.149999999965,
    "throughput" : 28.455729451679986,
    "receivedKBytesPerSec" : 7.859717205987863,
    "sentKBytesPerSec" : 7.083530942565637
  },
  "Get Booking" : {
    "transaction" : "Get Booking",
    "sampleCount" : 9360,
    "errorCount" : 0,
    "errorPct" : 0.0,
    "meanResTime" : 7072.209294871766,
    "medianResTime" : 8240.0,
    "minResTime" : 289.0,
    "maxResTime" : 36285.0,
    "pct1ResTime" : 10109.9,
    "pct2ResTime" : 10195.949999999999,
    "pct3ResTime" : 15427.27999999997,
    "throughput" : 58.06991965753637,
    "receivedKBytesPerSec" : 23.561944543536928,
    "sentKBytesPerSec" : 10.661274312125817
  }
}